disease_id,disease_name,gene_symbol,ensembl
ICD10_C56,"Cancer, Ovarian",BRCA1,9606.ENSP00000418960
ICD10_C56,"Cancer, Ovarian",BRCA2,9606.ENSP00000369497
ICD10_C56,"Cancer, Ovarian",PIK3CA,9606.ENSP00000263967
ICD10_C56,"Cancer, Ovarian",CDH1,9606.ENSP00000261769
ICD10_C56,"Cancer, Ovarian",ERBB2,9606.ENSP00000269571
ICD10_C56,"Cancer, Ovarian",NBN,9606.ENSP00000265433
ICD10_C56,"Cancer, Ovarian",MUC16,9606.ENSP00000381008
ICD10_C56,"Cancer, Ovarian",EGFR,9606.ENSP00000275493
ICD10_C56,"Cancer, Ovarian",BARD1,9606.ENSP00000260947
ICD10_C56,"Cancer, Ovarian",RAD51C,9606.ENSP00000336701
ICD10_C56,"Cancer, Ovarian",MSH2,9606.ENSP00000233146
ICD10_C56,"Cancer, Ovarian",MLH1,9606.ENSP00000231790
ICD10_C56,"Cancer, Ovarian",MET,9606.ENSP00000317272
ICD10_C56,"Cancer, Ovarian",ATM,9606.ENSP00000278616
ICD10_C56,"Cancer, Ovarian",BRIP1,9606.ENSP00000259008
ICD10_C56,"Cancer, Ovarian",MSH6,9606.ENSP00000234420
ICD10_C56,"Cancer, Ovarian",APC,9606.ENSP00000257430
ICD10_C56,"Cancer, Ovarian",PMS2,9606.ENSP00000265849
ICD10_C56,"Cancer, Ovarian",PALB2,9606.ENSP00000261584
ICD10_C56,"Cancer, Ovarian",KIT,9606.ENSP00000288135
ICD10_C56,"Cancer, Ovarian",CDKN1B,9606.ENSP00000228872
ICD10_C56,"Cancer, Ovarian",ALK,9606.ENSP00000373700
ICD10_C56,"Cancer, Ovarian",RB1,9606.ENSP00000267163
ICD10_C56,"Cancer, Ovarian",ERCC2,9606.ENSP00000375809
ICD10_C56,"Cancer, Ovarian",PDGFRA,9606.ENSP00000257290
ICD10_C56,"Cancer, Ovarian",PPM1D,9606.ENSP00000306682
ICD10_C56,"Cancer, Ovarian",MRE11,9606.ENSP00000325863
ICD10_C56,"Cancer, Ovarian",OPCML,9606.ENSP00000330862
ICD10_C56,"Cancer, Ovarian",FANCA,9606.ENSP00000373952
ICD10_C56,"Cancer, Ovarian",NTRK1,9606.ENSP00000431418
ICD10_C56,"Cancer, Ovarian",PMS1,9606.ENSP00000406490
ICD10_C56,"Cancer, Ovarian",PTCH1,9606.ENSP00000332353
ICD10_C56,"Cancer, Ovarian",BUB1B,9606.ENSP00000287598
ICD10_C56,"Cancer, Ovarian",FANCF,9606.ENSP00000330875
ICD10_C56,"Cancer, Ovarian",RET,9606.ENSP00000347942
ICD10_C56,"Cancer, Ovarian",MLH3,9606.ENSP00000348020
ICD10_C56,"Cancer, Ovarian",BLM,9606.ENSP00000347232
ICD10_C56,"Cancer, Ovarian",MXI1,9606.ENSP00000331152
ICD10_C56,"Cancer, Ovarian",XPA,9606.ENSP00000364270
ICD10_C56,"Cancer, Ovarian",AXIN2,9606.ENSP00000302625
ICD10_C56,"Cancer, Ovarian",FANCC,9606.ENSP00000289081
ICD10_C56,"Cancer, Ovarian",RNASEL,9606.ENSP00000356530
ICD10_C56,"Cancer, Ovarian",XPC,9606.ENSP00000285021
ICD10_C56,"Cancer, Ovarian",TRIM24,9606.ENSP00000340507
ICD10_C56,"Cancer, Ovarian",ERCC3,9606.ENSP00000285398
ICD10_C56,"Cancer, Ovarian",FANCD2,9606.ENSP00000287647
ICD10_C56,"Cancer, Ovarian",ERCC4,9606.ENSP00000310520
ICD10_C56,"Cancer, Ovarian",FANCE,9606.ENSP00000229769
ICD10_C56,"Cancer, Ovarian",TSC2,9606.ENSP00000219476
ICD10_C56,"Cancer, Ovarian",FANCG,9606.ENSP00000367910
ICD10_C56,"Cancer, Ovarian",WRN,9606.ENSP00000298139
ICD10_C56,"Cancer, Ovarian",HMMR,9606.ENSP00000377492
ICD10_C56,"Cancer, Ovarian",KIF1B,9606.ENSP00000263934
ICD10_C56,"Cancer, Ovarian",TSC1,9606.ENSP00000298552
ICD10_C56,"Cancer, Ovarian",SDHAF2,9606.ENSP00000301761
ICD10_C56,"Cancer, Ovarian",TMEM127,9606.ENSP00000258439
ICD10_C56,"Cancer, Ovarian",ELAC2,9606.ENSP00000337445
ICD10_C56,"Cancer, Ovarian",FLCN,9606.ENSP00000285071
ICD10_C56,"Cancer, Ovarian",EXT1,9606.ENSP00000367446
ICD10_C56,"Cancer, Ovarian",EXT2,9606.ENSP00000379032
ICD10_C56,"Cancer, Ovarian",ZNF276,9606.ENSP00000415836
ICD10_C56,"Cancer, Ovarian",PTEN,9606.ENSP00000361021
ICD10_C56,"Cancer, Ovarian",STAT3,9606.ENSP00000264657
ICD10_C56,"Cancer, Ovarian",MSLN,9606.ENSP00000372313
ICD10_C56,"Cancer, Ovarian",AURKA,9606.ENSP00000216911
ICD10_C56,"Cancer, Ovarian",SMAD4,9606.ENSP00000341551
ICD10_C56,"Cancer, Ovarian",SMAD2,9606.ENSP00000262160
ICD10_C56,"Cancer, Ovarian",EEF1A2,9606.ENSP00000217182
ICD10_C56,"Cancer, Ovarian",COMT,9606.ENSP00000354511
ICD10_C56,"Cancer, Ovarian",GSTP1,9606.ENSP00000381607
ICD10_C56,"Cancer, Ovarian",RASSF1,9606.ENSP00000349547
ICD10_C56,"Cancer, Ovarian",STK11,9606.ENSP00000324856
ICD10_C56,"Cancer, Ovarian",MMP1,9606.ENSP00000322788
ICD10_C56,"Cancer, Ovarian",DPH1,9606.ENSP00000263083
ICD10_C56,"Cancer, Ovarian",APEX1,9606.ENSP00000216714
ICD10_C56,"Cancer, Ovarian",PRKCA,9606.ENSP00000408695
ICD10_C56,"Cancer, Ovarian",OGG1,9606.ENSP00000306561
ICD10_C56,"Cancer, Ovarian",UGT1A1,9606.ENSP00000304845
ICD10_C56,"Cancer, Ovarian",MBL2,9606.ENSP00000363079
ICD10_C56,"Cancer, Ovarian",WRAP53,9606.ENSP00000324203
ICD10_C56,"Cancer, Ovarian",APOB,9606.ENSP00000233242
ICD10_C56,"Cancer, Ovarian",CCNG1,9606.ENSP00000344635
ICD10_C56,"Cancer, Ovarian",TP63,9606.ENSP00000264731
ICD10_C56,"Cancer, Ovarian",GSTA1,9606.ENSP00000335620
ICD10_C56,"Cancer, Ovarian",NOS3,9606.ENSP00000297494
ICD10_C56,"Cancer, Ovarian",HFE,9606.ENSP00000417404
ICD10_C56,"Cancer, Ovarian",POT1,9606.ENSP00000350249
ICD10_C56,"Cancer, Ovarian",NOD2,9606.ENSP00000300589
ICD10_C56,"Cancer, Ovarian",MYO6,9606.ENSP00000358994
ICD10_C56,"Cancer, Ovarian",ITGA8,9606.ENSP00000367316
ICD10_C56,"Cancer, Ovarian",LEF1,9606.ENSP00000265165
